{
	"builds": [
		{
			"name": "KUS Mediacenter Full",
			"version": "1.4",
			"url": "https://kodi-unlimited-support.de/wizard-omega/builds/KUS_MC_21-1.4.zip",
			"icon": "https://raw.githubusercontent.com/AnimaHaze/repository.haze.repo/main/repo/zips/repository.haze/icon.png",
			"fanart": "https://raw.githubusercontent.com/AnimaHaze/repository.haze.repo/main/repo/zips/repository.haze/fanart.jpg",
			"description": "KUS Mediacenter Full komplett"
		},
		{
			"name": "KUS Mediacenter Lite",
			"version": "1.2",
			"url": "https://kodi-unlimited-support.de/wizard-omega/builds/KUS_MC_Light_21-1.2.zip",
			"icon": "https://raw.githubusercontent.com/AnimaHaze/repository.haze.repo/main/repo/zips/repository.haze/icon.png",
			"fanart": "https://raw.githubusercontent.com/AnimaHaze/repository.haze.repo/main/repo/zips/repository.haze/fanart.jpg",
			"description": "KUS Mediacenter Lite kleiner gemacht"
		}
	]
}